station_id,station_name,is_new_in_post,is_removed_in_post,is_interchange,station_codes,line_names,lat,lon,betweenness_pre,betweenness_post,betweenness_delta,closeness_pre,closeness_post,closeness_delta,out_degree_pre,out_degree_post,in_degree_pre,in_degree_post,betweenness_delta_rank_desc,closeness_delta_rank_desc
CC32,Prince Edward Road,True,False,False,CC32,Circle Line,1.273288075861739,103.84739661653211,,0.01724138,,,0.06207192,,,2,,2,,
CC31,Cantonment,True,False,False,CC31,Circle Line,1.273113045942889,103.83706882494067,,0.0065613,,,0.05628882,,,2,,2,,
CC30,Keppel,True,False,False,CC30,Circle Line,1.27041408591568,103.83064917121321,,0.00292146,,,0.05420561,,,2,,2,,
CE2,Marina Bay,False,False,True,CE2|NS27|TE20,Circle Line Extension|North-South Line|Thomson-East Coast Line,1.275451160751061,103.85513069011677,0.14145464,0.16571862,0.02426398,0.06893204,0.06998069,0.00104865,5,6,5,6,1,1
EW14,Raffles Place,False,False,True,EW14|NS26,East-West Line|North-South Line,1.2837037810256355,103.8514146762947,0.11911255,0.13410942,0.01499687,0.07135678,0.0723192,0.00096242,3,3,3,3,2,2
EW13,City Hall,False,False,True,EW13|NS25,East-West Line|North-South Line,1.2932059256953405,103.85244081320343,0.20107239,0.21222245,0.01115006,0.07438449,0.0752465,0.00086201,3,3,3,3,3,7
CC29,HarbourFront,False,False,True,CC29|NE1,Circle Line|North East Line,1.2654106664124478,103.82149962821518,0.03194819,0.04107599,0.0091278,0.05695949,0.05788423,0.00092474,2,3,2,3,4,5
CC28,Telok Blangah,False,False,False,CC28,Circle Line,1.2707212262114045,103.80988373092025,0.02395698,0.0278576,0.00390062,0.05334335,0.05410448,0.00076113,2,2,2,2,5,14
CC27,Labrador Park,False,False,False,CC27,Circle Line,1.2721069580543352,103.80235555366292,0.0182133,0.02206258,0.00384928,0.05222508,0.05291971,0.00069463,2,2,2,2,6,20
CC26,Pasir Panjang,False,False,False,CC26,Circle Line,1.276003232785054,103.79203018692041,0.01491692,0.0186143,0.00369738,0.05075054,0.05132743,0.00057689,2,2,2,2,7,33
CC25,Haw Par Villa,False,False,False,CC25,Circle Line,1.2830552735417646,103.7820063970724,0.01608231,0.01944444,0.00336213,0.05089606,0.0513638,0.00046774,2,2,2,2,8,42
CC24,Kent Ridge,False,False,False,CC24,Circle Line,1.2934868977315543,103.78457515889197,0.02483934,0.02755428,0.00271494,0.05484743,0.05517504,0.00032761,2,2,2,2,9,54
CC1,Dhoby Ghaut,False,False,True,CC1|NE6|NS24,Circle Line|North East Line|North-South Line,1.2994107088527833,103.84550168866954,0.22215444,0.22477536,0.00262092,0.07597646,0.07671958,0.00074312,5,5,5,5,10,19
TE19,Shenton Way,False,False,False,TE19,Thomson-East Coast Line,1.2774705811450466,103.85093581007625,0.04207039,0.04423691,0.00216652,0.06704438,0.06797937,0.00093499,2,2,2,2,11,3
CC23,one-north,False,False,False,CC23,Circle Line,1.2997940981732037,103.78754638481149,0.03792495,0.0399106,0.00198565,0.05777055,0.05802321,0.00025266,2,2,2,2,12,57
TE16,Havelock,False,False,False,TE16,Thomson-East Coast Line,1.2884384467211425,103.83373395793535,0.04759051,0.04951423,0.00192372,0.06923452,0.06998069,0.00074617,2,2,2,2,13,17
TE18,Maxwell,False,False,False,TE18,Thomson-East Coast Line,1.2807150714114806,103.8439920594266,0.04397829,0.04587484,0.00189655,0.06768351,0.06855792,0.00087441,2,2,2,2,14,6
EW16,Outram Park,False,False,True,EW16|NE3|TE17,East-West Line|North East Line|Thomson-East Coast Line,1.280728280859196,103.83907654709711,0.165927,0.16779329,0.00186629,0.07071713,0.0715696,0.00085247,6,6,6,6,15,8
CE1,Bayfront,False,False,True,CE1|DT16,Circle Line Extension|Downtown Line,1.282089309786341,103.85920456548351,0.02507599,0.0268872,0.00181121,0.06623134,0.06716072,0.00092938,3,3,3,3,16,4
TE15,Great World,False,False,False,TE15,Thomson-East Coast Line,1.294296204091656,103.83309156886823,0.05075369,0.05226008,0.00150639,0.07068193,0.07132317,0.00064124,2,2,2,2,17,27
NS22,Orchard,False,False,True,NS22|TE14,North-South Line|Thomson-East Coast Line,1.3037892216957392,103.83185961720106,0.07883947,0.07947911,0.00063964,0.07384295,0.07443532,0.00059237,4,4,4,4,18,32
NE9,Boon Keng,False,False,False,NE9,North East Line,1.3190856294870317,103.86137095529172,0.0585123,0.05898148,0.00046918,0.06626225,0.06663603,0.00037378,2,2,2,2,19,48
NE8,Farrer Park,False,False,False,NE8,North East Line,1.3121610183985266,103.85433720319526,0.06632038,0.06675607,0.00043569,0.07157258,0.07210343,0.00053085,2,2,2,2,20,36
EW11,Lavender,False,False,False,EW11,East-West Line,1.3073939998022037,103.86284668976303,0.1496021,0.14996807,0.00036597,0.06866538,0.06931166,0.00064628,2,2,2,2,21,24
EW10,Kallang,False,False,False,EW10,East-West Line,1.3116611267596656,103.87165882001496,0.14289282,0.14324713,0.00035431,0.06651054,0.06706753,0.00055699,2,2,2,2,22,35
NE10,Potong Pasir,False,False,False,NE10,North East Line,1.3316720679855651,103.86900119241783,0.05471648,0.05505428,0.0003378,0.06428248,0.06450178,0.0002193,2,2,2,2,23,61
DT17,Downtown,False,False,False,DT17,Downtown Line,1.279553222177013,103.85277105540212,0.01236973,0.01269157,0.00032184,0.06451613,0.06534475,0.00082862,2,2,2,2,24,9
EW9,Aljunied,False,False,False,EW9,East-West Line,1.3163632078243936,103.88248476911996,0.13873073,0.13896871,0.00023798,0.0637057,0.06410256,0.00039686,2,2,2,2,25,47
TE13,Orchard Boulevard,False,False,False,TE13,Thomson-East Coast Line,1.3030436388374476,103.82376675527779,0.02888251,0.0290686,0.00018609,0.07208122,0.07257257,0.00049135,2,2,2,2,26,40
NE11,Woodleigh,False,False,False,NE11,North East Line,1.3389870079378268,103.87083429229013,0.0519695,0.05213282,0.00016332,0.06347787,0.0636244,0.00014653,2,2,2,2,27,72
TE12,Napier,False,False,False,TE12,Thomson-East Coast Line,1.3066404836453698,103.81949519948067,0.02492021,0.02498176,6.155e-05,0.07040159,0.07080078,0.00039919,2,2,2,2,28,46
NS20,Novena,False,False,False,NS20,North-South Line,1.3204953771685692,103.84386453367341,0.06504797,0.06508894,4.097e-05,0.06836784,0.0686553,0.00028746,2,2,2,2,29,55
NS19,Toa Payoh,False,False,False,NS19,North-South Line,1.3327412066251947,103.84728463789433,0.05995357,0.05991653,-3.704e-05,0.06580167,0.06593906,0.00013739,2,2,2,2,38,74
DT18,Telok Ayer,False,False,False,DT18,Downtown Line,1.282211776179462,103.84870717603917,0.01679462,0.01674307,-5.155e-05,0.06635514,0.06712963,0.00077449,2,2,2,2,39,13
EW3,Simei,False,False,False,EW3,East-West Line,1.3426617945337078,103.953818676297,0.00128192,0.00122925,-5.267e-05,0.03767578,0.03772112,4.534e-05,2,2,2,2,40,91
DT34,Upper Changi,False,False,False,DT34,Downtown Line,1.3415477120278756,103.96128514658888,0.0014817,0.00142082,-6.088e-05,0.03753635,0.03758424,4.789e-05,2,2,2,2,41,90
DT33,Tampines East,False,False,False,DT33,Downtown Line,1.3561430882801482,103.95528315107563,0.00174808,0.00167625,-7.183e-05,0.03611394,0.03613257,1.863e-05,2,2,2,2,42,99
NS18,Braddell,False,False,False,NS18,North-South Line,1.340828491675716,103.8467589561811,0.05680704,0.05661193,-0.00019511,0.06484018,0.064906,6.582e-05,2,2,2,2,43,86
TE28,Siglap,False,False,False,TE28,Thomson-East Coast Line,1.3098544576876827,103.92997897887473,0.01408451,0.0137931,-0.00029141,0.03510507,0.03534861,0.00024354,2,2,2,2,44,58
DT2,Cashew,False,False,False,DT2,Downtown Line,1.3698333185962925,103.76423448071098,0.01408451,0.0137931,-0.00029141,0.04054826,0.04058214,3.388e-05,2,2,2,2,47,95
NE17,Punggol,False,False,False,NE17,North East Line,1.4048161949745837,103.90220458929751,0.01408451,0.0137931,-0.00029141,0.04062947,0.04061625,-1.322e-05,2,2,2,2,45,106
EW32,Tuas West Road,False,False,False,EW32,East-West Line,1.330027377185666,103.63953752800171,0.01408451,0.0137931,-0.00029141,0.02434008,0.02431662,-2.346e-05,2,2,2,2,46,111
CC5,Nicoll Highway,False,False,False,CC5,Circle Line,1.2999152246963064,103.86382885147265,0.03121566,0.03079502,-0.00042064,0.06537753,0.06602914,0.00065161,2,2,2,2,48,22
NS10,Admiralty,False,False,False,NS10,North-South Line,1.4404069329400089,103.80085749444697,0.01048846,0.01005747,-0.00043099,0.03091661,0.0307725,-0.00014411,2,2,2,2,49,142
CC6,Stadium,False,False,False,CC6,Circle Line,1.302940656871825,103.8753131111321,0.0247228,0.02428161,-0.00044119,0.06190061,0.06239243,0.00049182,2,2,2,2,50,39
NS23,Somerset,False,False,False,NS23,North-South Line,1.3003680916322324,103.83883951102648,0.02513901,0.02468072,-0.00045829,0.07342296,0.07405516,0.0006322,2,2,2,2,51,30
EW17,Tiong Bahru,False,False,False,EW17,East-West Line,1.286060698644622,103.82724350426975,0.07320281,0.07273308,-0.00046973,0.06478102,0.06543321,0.00065219,2,2,2,2,52,21
DT14,Bugis,False,False,True,DT14|EW12,Downtown Line|East-West Line,1.3002680194792327,103.85620926697864,0.1840642,0.18358876,-0.00047544,0.07160867,0.07235529,0.00074662,4,4,4,4,53,15
EW18,Redhill,False,False,False,EW18,East-West Line,1.289428290017252,103.8171219158162,0.06641028,0.06593231,-0.00047797,0.06094421,0.06144068,0.00049647,2,2,2,2,54,38
CC3,Esplanade,False,False,False,CC3,Circle Line,1.293194362529821,103.85568040869371,0.0126361,0.01211686,-0.00051924,0.06896552,0.06961114,0.00064562,2,2,2,2,55,25
NS11,Sembawang,False,False,False,NS11,North-South Line,1.4489224371143137,103.82001511665648,0.01274431,0.01222063,-0.00052368,0.03234624,0.03222222,-0.00012402,2,2,2,2,56,137
CG1,Expo,False,False,True,CG1|DT35,Changi Airport Branch Line|Downtown Line,1.3351797416167697,103.96239435938978,0.02750308,0.02694764,-0.00055544,0.03884026,0.03889485,5.459e-05,3,3,3,3,57,88
CC7,Mountbatten,False,False,False,CC7,Circle Line,1.3063993179446136,103.88292291421888,0.02067726,0.02011494,-0.00056232,0.0608137,0.06123311,0.00041941,2,2,2,2,58,45
CC4,Promenade,False,False,True,CC4|DT15,Circle Line|Circle Line Extension|Downtown Line,1.2932255017455438,103.860348993272,0.04892951,0.04835568,-0.00057383,0.06797511,0.06872038,0.00074527,4,4,4,4,59,18
TE27,Marine Terrace,False,False,False,TE27,Thomson-East Coast Line,1.3066939402377598,103.91507441029032,0.02796923,0.02739464,-0.00057459,0.03769578,0.037978,0.00028222,2,2,2,2,60,56
DT3,Hillview,False,False,False,DT3,Downtown Line,1.3622792889314002,103.76739837501947,0.02796923,0.02739464,-0.00057459,0.0422242,0.04226173,3.753e-05,2,2,2,2,63,93
NE16,Sengkang,False,False,False,NE16,North East Line,1.391719296776578,103.89548936790362,0.02796923,0.02739464,-0.00057459,0.0441405,0.0441266,-1.39e-05,2,2,2,2,61,108
EW31,Tuas Crescent,False,False,False,EW31,East-West Line,1.3210037067554503,103.64912276518791,0.02796923,0.02739464,-0.00057459,0.02555796,0.02553266,-2.53e-05,2,2,2,2,62,112
NS12,Canberra,False,False,False,NS12,North-South Line,1.443227401411478,103.82971217750564,0.02183432,0.02122446,-0.00060986,0.03372922,0.0336115,-0.00011772,2,2,2,2,64,136
EW19,Queenstown,False,False,False,EW19,East-West Line,1.2948515894133084,103.80589279616889,0.06316385,0.06253193,-0.00063192,0.05894562,0.0593047,0.00035908,2,2,2,2,65,50
NS5,Yew Tee,False,False,False,NS5,North-South Line,1.3974991327789152,103.74726709268901,0.01788033,0.01724138,-0.00063895,0.03051795,0.03045579,-6.216e-05,2,2,2,2,66,123
NS7,Kranji,False,False,False,NS7,North-South Line,1.4249606810976627,103.7620526444446,0.01692472,0.01622925,-0.00069547,0.02943005,0.02929885,-0.0001312,2,2,2,2,67,140
NS13,Yishun,False,False,False,NS13,North-South Line,1.4293844756294474,103.83504942390181,0.03102421,0.03032407,-0.00070014,0.03526198,0.03515152,-0.00011046,2,2,2,2,68,134
DT32,Tampines,False,False,True,DT32|EW2,Downtown Line|East-West Line,1.3543165275390319,103.94378200066225,0.03176506,0.03103448,-0.00073058,0.03877662,0.03880118,2.456e-05,4,4,4,4,69,98
EW15,Tanjong Pagar,False,False,False,EW15,East-West Line,1.2765062559019922,103.84643317490286,0.01798022,0.01724138,-0.00073884,0.06863219,0.06944444,0.00081225,2,2,2,2,70,11
CC8,Dakota,False,False,False,CC8,Circle Line,1.308455468964854,103.88864327651277,0.01818,0.01743295,-0.00074705,0.06016949,0.06051753,0.00034804,2,2,2,2,71,52
NS4,Choa Chu Kang,False,False,False,NS4,North-South Line,1.3853280577571785,103.74445818471794,0.02829221,0.02751277,-0.00077944,0.03198919,0.03193129,-5.79e-05,2,2,2,2,72,121
NS14,Khatib,False,False,False,NS14,North-South Line,1.4174038435815335,103.83293675462139,0.0402141,0.03942369,-0.00079041,0.03695992,0.03685816,-0.00010176,2,2,2,2,73,133
CC2,Bras Basah,False,False,False,CC2,Circle Line,1.2970013009425738,103.8505264190178,0.01964506,0.0188378,-0.00080726,0.07114228,0.07178218,0.0006399,2,2,2,2,74,28
TE26,Marine Parade,False,False,False,TE26,Thomson-East Coast Line,1.3037772663831826,103.9068439327607,0.04165418,0.0408046,-0.00084958,0.04065273,0.04098361,0.00033088,2,2,2,2,75,53
DT4,Hume,False,False,False,DT4,Downtown Line,,,0.04165418,0.0408046,-0.00084958,0.04401736,0.04405956,4.22e-05,2,2,2,2,78,92
NE15,Buangkok,False,False,False,NE15,North East Line,1.383029756905052,103.8931734944837,0.04165418,0.0408046,-0.00084958,0.0461039,0.04609027,-1.363e-05,2,2,2,2,76,107
EW30,Gul Circle,False,False,False,EW30,East-West Line,1.3189347248509815,103.65993954468826,0.04165418,0.0408046,-0.00084958,0.02688376,0.02685683,-2.693e-05,2,2,2,2,77,113
NS8,Marsiling,False,False,False,NS8,North-South Line,1.4326934873645052,103.77410964960487,0.02544867,0.02459451,-0.00085416,0.03050483,0.03037285,-0.00013198,2,2,2,2,79,141
DT12,Little India,False,False,True,DT12|NE7,Downtown Line|North East Line,1.3067475131053192,103.84927941390605,0.27139361,0.27053845,-0.00085516,0.07601713,0.07663848,0.00062135,4,4,4,4,80,31
TE3,Woodlands South,False,False,False,TE3,Thomson-East Coast Line,1.426972273826002,103.79395813934858,0.05412546,0.05324234,-0.00088312,0.03317757,0.0330522,-0.00012537,2,2,2,2,81,138
DT31,Tampines West,False,False,False,DT31,Downtown Line,1.3453148925641991,103.93857262189366,0.04291946,0.04201788,-0.00090158,0.04159344,0.04163078,3.734e-05,2,2,2,2,82,94
EW20,Commonwealth,False,False,False,EW20,East-West Line,1.3023726758900007,103.79837875141848,0.06442913,0.06350575,-0.00092338,0.05919133,0.05940188,0.00021055,2,2,2,2,83,64
NS15,Yio Chu Kang,False,False,False,NS15,North-South Line,1.3817151830909302,103.84480893448905,0.05070256,0.04976852,-0.00093404,0.04810298,0.04801325,-8.973e-05,2,2,2,2,84,128
NS3,Bukit Gombak,False,False,False,NS3,North-South Line,1.3590319850204207,103.75196174761149,0.03928013,0.03833653,-0.0009436,0.03650386,0.03645964,-4.422e-05,2,2,2,2,85,120
EW4,Tanah Merah,False,False,True,EW4,Changi Airport Branch Line|East-West Line,1.32695951210127,103.94575888475583,0.05137682,0.05041507,-0.00096175,0.04354492,0.04362214,7.722e-05,3,3,3,3,86,83
DT21,Bencoolen,False,False,False,DT21,Downtown Line,1.298364571380096,103.84989185539355,0.04677355,0.04580939,-0.00096416,0.06384892,0.06441582,0.0005669,2,2,2,2,87,34
DT22,Jalan Besar,False,False,False,DT22,Downtown Line,1.3051785870112829,103.85527034501443,0.04015583,0.03917625,-0.00097958,0.06200873,0.0625,0.00049127,2,2,2,2,88,41
TE4,Springleaf,False,False,False,TE4,Thomson-East Coast Line,1.3980974104338055,103.8181585486309,0.06398129,0.06298052,-0.00100077,0.03915081,0.03905198,-9.883e-05,2,2,2,2,89,132
DT20,Fort Canning,False,False,False,DT20,Downtown Line,1.2926181857619832,103.84429753288106,0.05511437,0.05409483,-0.00101954,0.06635514,0.06700555,0.00065041,2,2,2,2,90,23
DT23,Bendemeer,False,False,False,DT23,Downtown Line,1.3136666153239247,103.86314661868386,0.03603536,0.03493774,-0.00109762,0.05958875,0.05994212,0.00035337,2,2,2,2,91,51
TE25,Tanjong Katong,False,False,False,TE25,Thomson-East Coast Line,1.299428004349031,103.89748462479017,0.05513935,0.05402299,-0.00111636,0.04228708,0.04264706,0.00035998,2,2,2,2,92,49
DT5,Beauty World,False,False,False,DT5,Downtown Line,1.3410867460890723,103.7757321737644,0.05513935,0.05402299,-0.00111636,0.04803789,0.04809287,5.498e-05,2,2,2,2,95,87
NE14,Hougang,False,False,False,NE14,North East Line,1.371432176548845,103.89246438442174,0.05513935,0.05402299,-0.00111636,0.05053381,0.05052265,-1.116e-05,2,2,2,2,93,104
EW29,Joo Koon,False,False,False,EW29,East-West Line,1.3277290979482586,103.67858239304405,0.05513935,0.05402299,-0.00111636,0.02911626,0.02908726,-2.9e-05,2,2,2,2,94,115
DT30,Bedok Reservoir,False,False,False,DT30,Downtown Line,1.3364513321142049,103.93318700618062,0.05525589,0.05413474,-0.00112115,0.04482323,0.04487775,5.452e-05,2,2,2,2,96,89
NS2,Bukit Batok,False,False,False,NS2,North-South Line,1.3492190249395528,103.74969897623916,0.0506676,0.04954342,-0.00112418,0.03877662,0.03873898,-3.764e-05,2,2,2,2,97,119
NS16,Ang Mo Kio,False,False,False,NS16,North-South Line,1.3696182336423717,103.84967573689514,0.0623897,0.06126277,-0.00112693,0.0522443,0.05215827,-8.603e-05,2,2,2,2,98,126
TE5,Lentor,False,False,False,TE5,Thomson-East Coast Line,1.3847385802272616,103.83655194030277,0.07503579,0.07386814,-0.00116765,0.0447526,0.04465661,-9.599e-05,2,2,2,2,99,131
EW5,Bedok,False,False,False,EW5,East-West Line,1.3239705415943168,103.92941150425963,0.06341358,0.06224457,-0.00116901,0.04910097,0.04921928,0.00011831,2,2,2,2,100,78
NS9,Woodlands,False,False,True,NS9|TE2,North-South Line|Thomson-East Coast Line,1.4361869096379902,103.78762680085612,0.05672261,0.0554454,-0.00127721,0.03183857,0.03170785,-0.00013072,4,4,4,4,101,139
DT24,Geylang Bahru,False,False,False,DT24,Downtown Line,1.3213354072677879,103.87167493949823,0.03420404,0.03289432,-0.00130972,0.05865345,0.0588713,0.00021785,2,2,2,2,102,62
DT29,Bedok North,False,False,False,DT29,Downtown Line,1.3345218518539055,103.91851436903175,0.06754237,0.0662037,-0.00133867,0.0507324,0.05082369,9.129e-05,2,2,2,2,103,82
TE6,Mayflower,False,False,False,TE6,Thomson-East Coast Line,1.372040419765963,103.8367656394605,0.08652316,0.08517082,-0.00135234,0.04826649,0.04817276,-9.373e-05,2,2,2,2,104,130
NE5,Clarke Quay,False,False,False,NE5,North East Line,1.2886155666760255,103.8465650175935,0.03325199,0.0318856,-0.00136639,0.06943765,0.07008217,0.00064452,2,2,2,2,105,26
TE24,Katong Park,False,False,False,TE24,Thomson-East Coast Line,1.2979590972838213,103.88608064630657,0.06842473,0.06704981,-0.00137492,0.04592497,0.0463555,0.00043053,2,2,2,2,106,43
DT6,King Albert Park,False,False,False,DT6,Downtown Line,1.3357565615926617,103.78379592249806,0.06842473,0.06704981,-0.00137492,0.0527881,0.05286183,7.373e-05,2,2,2,2,109,84
NE13,Kovan,False,False,False,NE13,North East Line,1.359980407302992,103.88482657958616,0.06842473,0.06704981,-0.00137492,0.05581761,0.05581216,-5.45e-06,2,2,2,2,107,102
EW28,Pioneer,False,False,False,EW28,East-West Line,1.3375881274629595,103.69714241314384,0.06842473,0.06704981,-0.00137492,0.03268124,0.0326503,-3.094e-05,2,2,2,2,108,117
EW6,Kembangan,False,False,False,EW6,East-West Line,1.321037934168733,103.9129201840768,0.07575001,0.07436143,-0.00138858,0.05632685,0.05650818,0.00018133,2,2,2,2,110,67
DT25,Mattar,False,False,False,DT25,Downtown Line,1.3268574681294334,103.88324022727885,0.03646822,0.03496967,-0.00149855,0.05971405,0.05986788,0.00015383,2,2,2,2,111,70
TE7,Bright Hill,False,False,False,TE7,Thomson-East Coast Line,1.363166926474025,103.8328688965173,0.09811041,0.09656928,-0.00154113,0.0502477,0.05015566,-9.204e-05,2,2,2,2,112,129
DT28,Kaki Bukit,False,False,False,DT28,Downtown Line,1.3351165483561398,103.90927568744428,0.0798788,0.07832056,-0.00155824,0.05306428,0.05317198,0.0001077,2,2,2,2,113,80
EW7,Eunos,False,False,False,EW7,East-West Line,1.3195365796568062,103.90289713414593,0.08816968,0.08655811,-0.00161157,0.05921601,0.05942623,0.00021022,2,2,2,2,114,65
TE23,Tanjong Rhu,False,False,False,TE23,Thomson-East Coast Line,1.2973297672846043,103.8735402960179,0.08151034,0.07988506,-0.00162528,0.05017668,0.0506993,0.00052262,2,2,2,2,115,37
DT7,Sixth Avenue,False,False,False,DT7,Downtown Line,1.3311508856909509,103.79670713017461,0.08151034,0.07988506,-0.00162528,0.05848435,0.05858586,0.00010151,2,2,2,2,117,81
EW27,Boon Lay,False,False,False,EW27,East-West Line,1.3384759405295732,103.70571801969106,0.08151034,0.07988506,-0.00162528,0.0336972,0.03366612,-3.108e-05,2,2,2,2,116,118
TE8,Upper Thomson,False,False,False,TE8,Thomson-East Coast Line,1.354527123585599,103.83282056841342,0.10969767,0.10796775,-0.00172992,0.05472062,0.05463451,-8.611e-05,2,2,2,2,118,127
DT27,Ubi,False,False,False,DT27,Downtown Line,1.3298907994822522,103.89923113088656,0.09236507,0.0905811,-0.00178397,0.05858086,0.05872823,0.00014737,2,2,2,2,119,71
TE22,Gardens by the Bay,False,False,False,TE22,Thomson-East Coast Line,1.2791668064192445,103.86790320784318,0.09439616,0.09252874,-0.00186742,0.0613656,0.06217839,0.00081279,2,2,2,2,120,10
DT8,Tan Kah Kee,False,False,False,DT8,Downtown Line,1.3257396139528346,103.80779999638969,0.09439616,0.09252874,-0.00186742,0.06543779,0.06558118,0.00014339,2,2,2,2,122,73
EW26,Lakeside,False,False,False,EW26,East-West Line,1.3441229895834477,103.72107892304635,0.09439616,0.09252874,-0.00186742,0.03710478,0.03707492,-2.986e-05,2,2,2,2,121,116
EW25,Chinese Garden,False,False,False,EW25,East-West Line,1.341995553045827,103.73278503871254,0.10708221,0.10498084,-0.00210137,0.03974251,0.03971515,-2.736e-05,2,2,2,2,123,114
DT13,Rochor,False,False,False,DT13,Downtown Line,1.3038094417846313,103.85273967864146,0.05362435,0.05142082,-0.00220353,0.07157258,0.07221116,0.00063858,2,2,2,2,124,29
DT19,Chinatown,False,False,True,DT19|NE4,Downtown Line|North East Line,1.2846415113506149,103.84407269085708,0.10097702,0.09867953,-0.00229749,0.0693021,0.07004831,0.00074621,4,4,4,4,125,16
CC9,Paya Lebar,False,False,True,CC9|EW8,Circle Line|East-West Line,1.3178251159873784,103.89220107839353,0.19383678,0.19152299,-0.00231379,0.06252752,0.06277056,0.00024304,4,4,4,4,126,59
EW23,Clementi,False,False,False,EW23,East-West Line,1.3147708499395088,103.76537190030689,0.16557453,0.16288953,-0.002685,0.05186267,0.0519341,7.143e-05,2,2,2,2,127,85
DT11,Newton,False,False,True,DT11|NS21,Downtown Line|North-South Line,1.3127635093197172,103.83811425879578,0.27982291,0.27705688,-0.00276603,0.07525172,0.0756785,0.00042678,4,4,4,4,128,44
EW22,Dover,False,False,False,EW22,East-West Line,1.3115543125642066,103.77838474329596,0.17566344,0.17285121,-0.00281223,0.05597162,0.05609284,0.00012122,2,2,2,2,129,77
CC16,Marymount,False,False,False,CC16,Circle Line,1.3484232292972218,103.83957343743887,0.07401525,0.07097382,-0.00304143,0.06089194,0.06072027,-0.00017167,2,2,2,2,130,143
EW24,Jurong East,False,False,True,EW24|NS1,East-West Line|North-South Line,1.3332114638253465,103.74236508406312,0.16870443,0.16560345,-0.00310098,0.04273247,0.04270987,-2.26e-05,3,3,3,3,131,110
CC17,Caldecott,False,False,True,CC17|TE9,Circle Line|Thomson-East Coast Line,1.3374869862318381,103.84003535137836,0.15522473,0.15207102,-0.00315371,0.06330807,0.06323594,-7.213e-05,4,4,4,4,132,124
CC11,Tai Seng,False,False,False,CC11,Circle Line,1.3352674810786016,103.88792075251713,0.09310592,0.08956737,-0.00353855,0.0599409,0.06006628,0.00012538,2,2,2,2,133,75
CC12,Bartley,False,False,False,CC12,Circle Line,1.3428749053727125,103.87958229359455,0.09035894,0.08664591,-0.00371303,0.05916667,0.05915953,-7.14e-06,2,2,2,2,134,103
CC14,Lorong Chuan,False,False,False,CC14,Circle Line,1.3515888207439537,103.86392598671051,0.10315153,0.09891284,-0.00423869,0.06168549,0.06162346,-6.203e-05,2,2,2,2,135,122
CC15,Bishan,False,False,True,CC15|NS17,Circle Line|North-South Line,1.3508634014459961,103.8486921069671,0.15713501,0.15252988,-0.00460513,0.06330807,0.06323594,-7.213e-05,4,4,4,4,136,125
CC10,MacPherson,False,False,True,CC10|DT26,Circle Line|Downtown Line,1.3258707110251868,103.88955832467485,0.18666966,0.18206418,-0.00460548,0.06176599,0.06193934,0.00017335,4,4,4,4,137,68
CC22,Buona Vista,False,False,True,CC22|EW21,Circle Line|East-West Line,1.306929434516004,103.79065881256486,0.23842773,0.23361111,-0.00481662,0.06097037,0.06115563,0.00018526,4,4,4,4,138,66
CC13,Serangoon,False,False,True,CC13|NE12,Circle Line|North East Line,1.3502623171668309,103.87329741577365,0.16722439,0.1623643,-0.00486009,0.06222612,0.06223176,5.64e-06,4,4,4,4,139,101
DT10,Stevens,False,False,True,DT10|TE11,Downtown Line|Thomson-East Coast Line,1.320141727991971,103.82578779784079,0.28762908,0.28233922,-0.00528986,0.07197162,0.07221116,0.00023954,4,4,4,4,140,60
CC21,Holland Village,False,False,False,CC21,Circle Line,1.3110003169231763,103.79588732699557,0.17381547,0.16667305,-0.00714242,0.06217163,0.06228522,0.00011359,2,2,2,2,141,79
CC20,Farrer Road,False,False,False,CC20,Circle Line,1.317522871033869,103.80767723263273,0.18104086,0.17374521,-0.00729565,0.06669798,0.06682028,0.0001223,2,2,2,2,142,76
CC19,Botanic Gardens,False,False,True,CC19|DT9,Circle Line|Downtown Line,1.3226096226428752,103.81544552576293,0.27430493,0.26576309,-0.00854184,0.06950563,0.06967804,0.00017241,4,4,4,4,143,69
NS28,Marina South Pier,False,False,False,NS28,North-South Line,1.2709839133404244,103.8629548603669,0.0,0.0,0.0,0.06063194,0.06144068,0.00080874,1,1,1,1,32,12
TE29,Bayshore,False,False,False,TE29,Thomson-East Coast Line,1.312814733378945,103.94158330608437,0.0,0.0,0.0,0.03281719,0.03302961,0.00021242,1,1,1,1,30,63
CG2,Changi Airport,False,False,False,CG2,Changi Airport Branch Line,1.356780838532488,103.98829061110587,0.0,0.0,0.0,0.03058367,0.03061655,3.288e-05,1,1,1,1,37,96
DT1,Bukit Panjang,False,False,False,DT1,Downtown Line,1.3786217351770065,103.7621427618644,0.0,0.0,0.0,0.03752643,0.03755504,2.861e-05,1,1,1,1,36,97
EW1,Pasir Ris,False,False,False,EW1,East-West Line,1.3728641027162678,103.94923518349682,0.0,0.0,0.0,0.03360151,0.03361929,1.778e-05,1,1,1,1,35,100
NE18,Punggol Coast,False,False,False,NE18,North East Line,,,0.0,0.0,0.0,0.03759598,0.03758424,-1.174e-05,1,1,1,1,33,105
EW33,Tuas Link,False,False,False,EW33,East-West Line,1.3406834857368601,103.63704319374754,0.0,0.0,0.0,0.02321779,0.02319629,-2.15e-05,1,1,1,1,34,109
TE1,Woodlands North,False,False,False,TE1,Thomson-East Coast Line,1.4484919011018793,103.78526567604953,0.0,0.0,0.0,0.02994517,0.02982925,-0.00011592,1,1,1,1,31,135
