origin_id,row_index,col_index,lon,lat,x_svy,y_svy,overall_mean_saving_min,overall_median_saving_min,overall_share_improved,cbd_mean_saving_min,cbd_median_saving_min,cbd_share_improved,airport_mean_saving_min,airport_median_saving_min,airport_share_improved
G_000_003,3,0,103.76955200549425,1.295445460090842,20903.338,30869.385,2.0,1.269,0.595745,2.474,1.778,0.736842,0.0,0.0,0.0
G_000_004,4,0,103.76916347526316,1.2934906797513928,20860.093,30653.237,1.989,0.0,0.425532,2.46,1.4,0.526316,0.0,0.0,0.0
G_000_005,5,0,103.7687191445071,1.291822365749625,20810.638,30468.764,2.515,0.546,0.510638,3.11,3.836,0.631579,0.0,0.0,0.0
G_001_000,0,1,103.77137288450947,1.3027962521222987,21106.006,31682.193,0.397,0.0,0.148936,0.49,0.0,0.184211,0.0,0.0,0.0
G_001_001,1,1,103.77098249612773,1.3006129149057268,21062.553,31440.772,0.715,0.0,0.212766,0.884,0.0,0.263158,0.0,0.0,0.0
G_001_002,2,1,103.77080517509184,1.2984301695026708,21042.813,31199.416,0.972,0.0,0.382979,1.202,0.0,0.473684,0.0,0.0,0.0
G_001_003,3,1,103.77072038118231,1.2961793877167151,21033.37,30950.536,1.041,0.0,0.361702,1.287,0.0,0.447368,0.0,0.0,0.0
G_001_004,4,1,103.77070908954515,1.2939264347578687,21032.107,30701.416,2.18,0.0,0.489362,2.696,2.863,0.605263,0.0,0.0,0.0
G_001_005,5,1,103.77071284949109,1.291669509263782,21032.52,30451.857,2.535,0.619,0.510638,3.135,3.909,0.631579,0.0,0.0,0.0
G_001_006,6,1,103.77119127887293,1.290308377942318,21085.761,30301.348,2.535,0.619,0.510638,3.135,3.909,0.631579,0.0,0.0,0.0
G_002_000,0,2,103.77281413006632,1.3025924044718606,21266.403,31659.649,0.008,0.0,0.021277,0.01,0.0,0.026316,0.0,0.0,0.0
G_002_001,1,2,103.77295528463698,1.300709221933349,21282.107,31451.416,0.59,0.0,0.191489,0.73,0.0,0.236842,0.0,0.0,0.0
G_002_002,2,2,103.77295533832516,1.2984483111826426,21282.107,31201.416,1.044,0.0,0.361702,1.291,0.0,0.447368,0.0,0.0,0.0
G_002_003,3,2,103.77295539191985,1.2961874003913434,21282.107,30951.416,1.044,0.0,0.361702,1.291,0.0,0.447368,0.0,0.0,0.0
G_002_004,4,2,103.77295544542106,1.2939264895595215,21282.107,30701.416,1.044,0.0,0.361702,1.291,0.0,0.447368,0.0,0.0,0.0
G_002_005,5,2,103.7729554988288,1.2916655786872477,21282.107,30451.416,2.535,0.619,0.510638,3.135,3.909,0.631579,0.0,0.0,0.0
G_002_006,6,2,103.7730935731353,1.2899720727502169,21297.469,30264.156,2.535,0.619,0.510638,3.135,3.909,0.631579,0.0,0.0,0.0
G_003_000,0,3,103.77464582536514,1.3021467700535978,21470.253,31610.368,0.008,0.0,0.021277,0.01,0.0,0.026316,0.0,0.0,0.0
G_003_001,1,3,103.77518207195291,1.300687900083774,21529.929,31449.053,1.044,0.0,0.361702,1.291,0.0,0.447368,0.0,0.0,0.0
G_003_002,2,3,103.77520169827905,1.2984483641672195,21532.107,31201.416,1.044,0.0,0.361702,1.291,0.0,0.447368,0.0,0.0,0.0
G_003_003,3,3,103.77520174987976,1.2961874532836313,21532.107,30951.416,1.044,0.0,0.361702,1.291,0.0,0.447368,0.0,0.0,0.0
G_003_004,4,3,103.77520180139047,1.2939265423595208,21532.107,30701.416,0.997,0.0,0.340426,1.233,0.0,0.421053,0.0,0.0,0.0
G_003_005,5,3,103.77520185281118,1.291665631394958,21532.107,30451.416,2.418,0.295,0.510638,2.99,3.585,0.631579,0.0,0.0,0.0
G_003_006,6,3,103.77528944612958,1.2895688841724113,21541.85,30219.568,2.535,0.619,0.510638,3.135,3.909,0.631579,0.0,0.0,0.0
G_003_007,7,3,103.7761992139411,1.2882021853985783,21643.097,30068.443,2.535,0.619,0.510638,3.135,3.909,0.631579,0.0,0.0,0.0
G_004_001,1,4,103.77724095427051,1.3002545814803521,21759.063,31401.133,0.921,0.0,0.340426,1.139,0.0,0.421053,0.0,0.0,0.0
G_004_002,2,4,103.77744805832295,1.2984484151431455,21782.107,31201.416,1.024,0.0,0.361702,1.266,0.0,0.447368,0.0,0.0,0.0
G_004_003,3,4,103.77744810792967,1.2961875041707664,21782.107,30951.416,1.044,0.0,0.361702,1.291,0.0,0.447368,0.0,0.0,0.0
G_004_004,4,4,103.77744815744988,1.2939265931578652,21782.107,30701.416,1.044,0.0,0.361702,1.291,0.0,0.447368,0.0,0.0,0.0
G_004_005,5,4,103.77744820688355,1.2916656821045125,21782.107,30451.416,1.012,0.0,0.340426,1.251,0.0,0.421053,0.0,0.0,0.0
G_004_006,6,4,103.77744825623071,1.2894047710107783,21782.107,30201.416,2.535,0.619,0.510638,3.135,3.909,0.631579,0.0,0.0,0.0
G_004_007,7,4,103.77773151534755,1.28776047130902,21813.628,30019.597,2.6,0.86,0.595745,3.216,3.909,0.736842,0.0,0.0,0.0
G_005_001,1,5,103.7788737585129,1.2997616067615143,21940.778,31346.619,0.921,0.0,0.340426,1.139,0.0,0.421053,0.0,0.0,0.0
G_005_002,2,5,103.77961369372859,1.298345788704036,22023.123,31190.063,1.044,0.0,0.361702,1.291,0.0,0.447368,0.0,0.0,0.0
G_005_003,3,5,103.7796944660661,1.296187553052748,22032.107,30951.416,1.044,0.0,0.361702,1.291,0.0,0.447368,0.0,0.0,0.0
G_005_004,4,5,103.77969451359581,1.2939266419545556,22032.107,30701.416,1.044,0.0,0.361702,1.291,0.0,0.447368,0.0,0.0,0.0
G_005_005,5,5,103.77969456104246,1.2916657308159112,22032.107,30451.416,1.044,0.0,0.361702,1.291,0.0,0.447368,0.0,0.0,0.0
G_005_006,6,5,103.77969460840606,1.289404819636886,22032.107,30201.416,0.986,0.0,0.340426,1.22,0.0,0.421053,0.0,0.0,0.0
G_005_007,7,5,103.77972711609529,1.2871749746652992,22035.72,29954.851,2.873,2.595,0.617021,3.554,3.909,0.763158,0.0,0.0,0.0
G_005_008,8,5,103.78023927949393,1.2852708465517955,22092.715,29744.301,3.008,3.537,0.617021,3.72,3.909,0.763158,0.0,0.0,0.0
G_006_002,2,6,103.78161278967096,1.297804189584254,22245.604,31130.171,1.044,0.0,0.361702,1.291,0.0,0.447368,0.0,0.0,0.0
G_006_003,3,6,103.78194082428561,1.2961875999295769,22282.107,30951.416,1.044,0.0,0.361702,1.291,0.0,0.447368,0.0,0.0,0.0
G_006_004,4,6,103.7819408698248,1.2939266887495908,22282.107,30701.416,1.044,0.0,0.361702,1.291,0.0,0.447368,0.0,0.0,0.0
G_006_005,5,6,103.78194091528441,1.2916657775291538,22282.107,30451.416,1.044,0.0,0.361702,1.291,0.0,0.447368,0.0,0.0,0.0
G_006_006,6,6,103.78194096066446,1.289404866268336,22282.107,30201.416,1.044,0.0,0.361702,1.291,0.0,0.447368,0.0,0.0,0.0
G_006_007,7,6,103.78194100596494,1.2871439549672077,22282.107,29951.416,3.006,3.537,0.617021,3.717,3.909,0.763158,0.0,0.0,0.0
G_006_008,8,6,103.78194114462204,1.284883137472179,22282.118,29701.426,3.021,3.537,0.617021,3.736,3.909,0.763158,0.0,0.0,0.0
G_006_009,9,6,103.78229119294689,1.2828433774278196,22321.071,29475.879,3.021,3.537,0.617021,3.736,3.909,0.763158,0.0,0.0,0.0
G_006_010,10,6,103.7828717144483,1.2812215062455563,22385.675,29296.54,3.002,3.537,0.617021,3.713,3.909,0.763158,0.0,0.0,0.0
G_007_002,2,7,103.78311693315442,1.2973500566810845,22413.001,31079.952,1.044,0.0,0.361702,1.291,0.0,0.447368,0.0,0.0,0.0
G_007_003,3,7,103.78375462072037,1.2958677850919356,22483.966,30916.048,1.044,0.0,0.361702,1.291,0.0,0.447368,0.0,0.0,0.0
G_007_004,4,7,103.78418282685023,1.2939223546290457,22531.618,30700.932,1.044,0.0,0.361702,1.291,0.0,0.447368,0.0,0.0,0.0
G_007_005,5,7,103.78418726960592,1.2916658222442396,22532.107,30451.416,1.044,0.0,0.361702,1.291,0.0,0.447368,0.0,0.0,0.0
G_007_006,6,7,103.78418731300242,1.289404910905128,22532.107,30201.416,1.044,0.0,0.361702,1.291,0.0,0.447368,0.0,0.0,0.0
G_007_007,7,7,103.78418735632282,1.2871439995257057,22532.107,29951.416,3.021,3.537,0.617021,3.736,3.909,0.763158,0.0,0.0,0.0
G_007_008,8,7,103.78418739956714,1.2848830881060447,22532.107,29701.416,3.021,3.537,0.617021,3.736,3.909,0.763158,0.0,0.0,0.0
G_007_009,9,7,103.78418744273536,1.2826221766462145,22532.107,29451.416,2.987,3.537,0.617021,3.695,3.909,0.763158,0.0,0.0,0.0
G_007_010,10,7,103.78432230758021,1.2804733069382168,22547.112,29213.805,2.847,2.354,0.617021,3.522,3.909,0.763158,0.0,0.0,0.0
G_007_011,11,7,103.7848818211947,1.27898245067479,22609.378,29048.952,2.447,0.619,0.510638,3.026,3.909,0.631579,0.0,0.0,0.0
G_008_004,4,8,103.78602251994356,1.2934280027650238,22736.359,30646.265,1.044,0.0,0.361702,1.291,0.0,0.447368,0.0,0.0,0.0
G_008_005,5,8,103.78643362400354,1.2916658649611688,22782.107,30451.416,1.044,0.0,0.361702,1.291,0.0,0.447368,0.0,0.0,0.0
G_008_006,6,8,103.78643366541648,1.2894049535472616,22782.107,30201.416,1.044,0.0,0.361702,1.291,0.0,0.447368,0.0,0.0,0.0
G_008_007,7,8,103.78643370675681,1.2871440420930442,22782.107,29951.416,3.021,3.537,0.617021,3.736,3.909,0.763158,0.0,0.0,0.0
G_008_008,8,8,103.78643374802452,1.2848831305985884,22782.107,29701.416,3.021,3.537,0.617021,3.736,3.909,0.763158,0.0,0.0,0.0
G_008_009,9,8,103.78643378921963,1.2826222190639633,22782.107,29451.416,3.021,3.537,0.617021,3.736,3.909,0.763158,0.0,0.0,0.0
G_008_010,10,8,103.78643383034212,1.28036130748924,22782.107,29201.416,2.46,0.619,0.510638,3.042,3.909,0.631579,0.0,0.0,0.0
G_008_011,11,8,103.78655930972776,1.2786353514442423,22796.069,29010.568,2.847,1.4,0.744681,3.243,2.931,0.684211,1.178,1.4,1.0
G_009_004,4,9,103.78755957277541,1.292798368767949,22907.418,30576.64,1.044,0.0,0.361702,1.291,0.0,0.447368,0.0,0.0,0.0
G_009_005,5,9,103.78846958053143,1.2913375030909733,23008.691,30415.103,1.044,0.0,0.361702,1.291,0.0,0.447368,0.0,0.0,0.0
G_009_006,6,9,103.78868001790315,1.2894049941947368,23032.107,30201.416,1.044,0.0,0.361702,1.291,0.0,0.447368,0.0,0.0,0.0
G_009_007,7,9,103.78868005726339,1.2871440826692233,23032.107,29951.416,1.044,0.0,0.361702,1.291,0.0,0.447368,0.0,0.0,0.0
G_009_008,8,9,103.78868009655451,1.2848831711034705,23032.107,29701.416,3.021,3.537,0.617021,3.736,3.909,0.763158,0.0,0.0,0.0
G_009_009,9,9,103.7886801357765,1.2826222594975492,23032.107,29451.416,3.021,3.537,0.617021,3.736,3.909,0.763158,0.0,0.0,0.0
G_009_010,10,9,103.78868017492935,1.2803613478515299,23032.107,29201.416,4.023,4.701,0.851064,4.697,5.523,0.815789,1.178,1.4,1.0
G_009_011,11,9,103.78875461348105,1.2782617278895194,23040.388,28969.251,3.563,2.199,0.851064,4.128,4.582,0.815789,1.178,1.4,1.0
G_009_012,12,9,103.78976850276194,1.2769581096733662,23153.223,28825.101,3.584,2.393,0.851064,4.153,4.582,0.815789,1.178,1.4,1.0
G_010_005,5,10,103.79009495032844,1.2907473664955837,23189.58,30349.846,0.812,0.0,0.340426,1.004,0.0,0.421053,0.0,0.0,0.0
G_010_006,6,10,103.79082294983598,1.2892810527582117,23270.597,30187.707,0.583,0.0,0.255319,0.721,0.0,0.315789,0.0,0.0,0.0
G_010_007,7,10,103.79092640783914,1.2871441212542418,23282.107,29951.416,1.044,0.0,0.361702,1.291,0.0,0.447368,0.0,0.0,0.0
G_010_008,8,10,103.79092644515366,1.2848832096206912,23282.107,29701.416,3.44,4.543,0.829787,4.244,4.915,0.789474,0.042,0.006,1.0
G_010_009,9,10,103.79092648240253,1.2826222979469724,23282.107,29451.416,4.023,4.701,0.851064,4.697,5.523,0.815789,1.178,1.4,1.0
G_010_010,10,10,103.79092651958572,1.2803613862331555,23282.107,29201.416,3.761,3.316,0.851064,4.373,4.582,0.815789,1.178,1.4,1.0
G_010_011,11,10,103.79092655670328,1.2781004744793116,23282.107,28951.416,3.762,3.323,0.851064,4.374,4.582,0.815789,1.178,1.4,1.0
G_010_012,12,10,103.79126904426593,1.2767025531428777,23320.221,28796.84,3.969,4.701,0.851064,4.631,5.446,0.815789,1.178,1.4,1.0
G_011_006,6,11,103.79267000903359,1.2886879003557483,23476.158,30122.116,0.556,0.0,0.255319,0.688,0.0,0.315789,0.0,0.0,0.0
G_011_007,7,11,103.79316479972604,1.2871357920520385,23531.222,29950.491,1.044,0.0,0.361702,1.291,0.0,0.447368,0.0,0.0,0.0
G_011_008,8,11,103.79317279381844,1.2848832461502504,23532.107,29701.416,3.989,4.701,0.851064,4.672,5.523,0.815789,1.104,1.305,1.0
G_011_009,9,11,103.79317282909419,1.2826223344122325,23532.107,29451.416,4.023,4.701,0.851064,4.697,5.523,0.815789,1.178,1.4,1.0
G_011_010,10,11,103.79317286430775,1.2803614226341165,23532.107,29201.416,3.839,4.048,0.851064,4.469,4.874,0.815789,1.178,1.4,1.0
G_011_011,11,11,103.79317289945914,1.278100510815974,23532.107,28951.416,3.809,3.766,0.851064,4.432,4.733,0.815789,1.178,1.4,1.0
G_011_012,12,11,103.79329396214614,1.2763576888280992,23545.578,28758.704,3.673,2.492,0.851064,4.264,4.582,0.815789,1.178,1.4,1.0
G_012_007,7,12,103.79522026455862,1.2867414018501644,23759.977,29906.878,1.62,0.674,0.595745,2.003,1.046,0.736842,0.0,0.0,0.0
G_012_008,8,12,103.79541914254541,1.2848832806921469,23782.107,29701.416,4.023,4.701,0.851064,4.697,5.523,0.815789,1.178,1.4,1.0
G_012_009,9,12,103.79541917584802,1.282622368893329,23782.107,29451.416,4.023,4.701,0.851064,4.697,5.523,0.815789,1.178,1.4,1.0
G_012_010,10,12,103.79541920909195,1.2803614570544128,23782.107,29201.416,3.741,3.123,0.851064,4.348,4.582,0.815789,1.178,1.4,1.0
G_012_011,11,12,103.79541924227719,1.2781005451754701,23782.107,28951.416,3.68,2.554,0.851064,4.273,4.582,0.815789,1.178,1.4,1.0
G_012_012,12,12,103.7954911469203,1.275985367027176,23790.106,28717.53,3.284,1.4,0.744681,3.783,4.582,0.684211,1.178,1.4,1.0
G_012_013,13,12,103.79647354647317,1.2746857162650125,23899.438,28573.82,2.265,1.4,0.744681,2.522,1.499,0.684211,1.178,1.4,1.0
G_013_007,7,13,103.79687280295721,1.2862216626786915,23943.89,29849.405,3.118,3.736,0.638298,3.857,4.108,0.789474,0.0,0.0,0.0
G_013_008,8,13,103.7975893280602,1.284789595742207,24023.631,29691.053,0.876,0.0,0.191489,1.084,0.0,0.236842,0.0,0.0,0.0
G_013_009,9,13,103.79766552266058,1.2826224013902616,24032.107,29451.416,3.339,4.418,0.680851,4.127,4.79,0.789474,0.01,0.0,0.222222
G_013_010,10,13,103.79766555393485,1.2803614894940445,24032.107,29201.416,4.023,4.701,0.851064,4.697,5.523,0.815789,1.178,1.4,1.0
G_013_011,11,13,103.79766558515392,1.2781005775578003,24032.107,28951.416,3.073,1.4,0.744681,3.522,3.564,0.684211,1.178,1.4,1.0
G_013_012,12,13,103.79766561631776,1.2758396655815998,24032.107,28701.416,2.294,1.4,0.744681,2.558,1.614,0.684211,1.178,1.4,1.0
G_013_013,13,13,103.79798182348999,1.2744288379595918,24067.297,28545.413,2.5,1.4,0.744681,2.813,2.41,0.684211,1.178,1.4,1.0
G_014_008,8,14,103.79974562682573,1.2842825635472863,24263.608,29634.985,0.186,0.0,0.06383,0.23,0.0,0.078947,0.0,0.0,0.0
G_014_009,9,14,103.79991186952834,1.2826224319030304,24282.107,29451.416,0.859,0.0,0.191489,1.062,0.0,0.236842,0.0,0.0,0.0
G_014_010,10,14,103.79991189883299,1.2803615199530103,24282.107,29201.416,2.215,1.628,0.595745,2.739,2.0,0.736842,0.0,0.0,0.0
G_014_011,11,14,103.79991192808588,1.2781006079629633,24282.107,28951.416,3.838,4.399,0.851064,4.468,5.381,0.815789,1.178,1.4,1.0
G_014_012,12,14,103.79991195728704,1.2758396959329603,24282.107,28701.416,3.261,1.4,0.744681,3.755,4.582,0.684211,1.178,1.4,1.0
G_014_013,13,14,103.80003502480042,1.274073726935001,24295.801,28506.144,2.695,1.4,0.744681,3.054,1.4,0.684211,1.178,1.4,1.0
G_015_008,8,15,103.8020226385504,1.2839295174861598,24517.02,29595.944,0.0,0.0,0.0,0.0,0.0,0.0,0.0,0.0,0.0
G_015_009,9,15,103.80215821644785,1.282622460431635,24532.107,29451.416,1.069,0.0,0.255319,1.323,0.0,0.315789,0.0,0.0,0.0
G_015_010,10,15,103.80215824378286,1.2803615484313104,24532.107,29201.416,1.037,0.0,0.255319,1.283,0.0,0.315789,0.0,0.0,0.0
G_015_011,11,15,103.80215827106959,1.2781006363909597,24532.107,28951.416,1.873,0.796,0.574468,2.037,0.0,0.473684,1.178,1.4,1.0
G_015_012,12,15,103.80215829830804,1.2758397243106527,24532.107,28701.416,2.359,1.4,0.638298,2.639,1.284,0.552632,1.178,1.4,1.0
G_015_013,13,15,103.80220210946892,1.2736981577162139,24536.98,28464.613,3.017,1.674,0.851064,3.453,1.675,0.815789,1.178,1.4,1.0
G_016_008,8,16,103.80424188324781,1.2838430472977487,24764.004,29586.379,0.866,0.0,0.276596,1.071,0.0,0.342105,0.0,0.0,0.0
G_016_009,9,16,103.80440456341563,1.282622486976075,24782.107,29451.416,0.905,0.0,0.234043,1.12,0.0,0.289474,0.0,0.0,0.0
G_016_010,10,16,103.804404588781,1.280361574928945,24782.107,29201.416,1.024,0.0,0.276596,1.267,0.0,0.342105,0.0,0.0,0.0
G_016_011,11,16,103.80440461410156,1.2781006628417888,24782.107,28951.416,1.993,1.4,0.617021,2.186,0.379,0.526316,1.178,1.4,1.0
G_016_012,12,16,103.80440463937732,1.2758397507146766,24782.107,28701.416,2.497,1.4,0.638298,2.81,1.4,0.552632,1.178,1.4,1.0
G_016_013,13,16,103.80441533666415,1.2735954807580827,24783.295,28453.256,2.41,1.4,0.638298,2.702,1.4,0.552632,1.178,1.4,1.0
G_016_014,14,16,103.8051197618668,1.27228922137383,24861.691,28308.816,2.24,1.4,0.638298,2.492,0.93,0.552632,1.178,1.4,1.0
G_017_008,8,17,103.80601502805287,1.2837849208098857,24961.34,29579.95,0.823,0.0,0.255319,1.018,0.0,0.315789,0.0,0.0,0.0
G_017_009,9,17,103.80664747319499,1.2826180705460921,25031.725,29450.925,0.918,0.0,0.255319,1.135,0.0,0.315789,0.0,0.0,0.0
G_017_010,10,17,103.80665093382392,1.2803615994459139,25032.107,29201.416,1.012,0.0,0.319149,1.251,0.0,0.394737,0.0,0.0,0.0
G_017_011,11,17,103.80665095717832,1.2781006873154503,25032.107,28951.416,2.094,1.4,0.553191,2.311,0.0,0.447368,1.178,1.4,1.0
G_017_012,12,17,103.8066509804914,1.2758397751450312,25032.107,28701.416,2.131,1.4,0.553191,2.357,0.0,0.447368,1.178,1.4,1.0
G_017_013,13,17,103.80665100376318,1.2735788629347269,25032.107,28451.416,2.036,1.364,0.617021,2.24,0.632,0.526316,1.178,1.4,1.0
G_017_014,14,17,103.806826531023,1.2719590640455054,25051.64,28272.307,2.015,1.4,0.617021,2.213,0.453,0.526316,1.178,1.4,1.0
G_018_009,9,18,103.8088843453135,1.2825604017298569,25280.67,29444.546,0.496,0.0,0.170213,0.614,0.0,0.210526,0.0,0.0,0.0
G_018_010,10,18,103.80889727890815,1.2803616219822158,25282.107,29201.416,0.985,0.0,0.319149,1.218,0.0,0.394737,0.0,0.0,0.0
G_018_011,11,18,103.80889730029638,1.2781007098119446,25282.107,28951.416,1.786,0.4,0.531915,1.965,0.0,0.421053,1.03,1.21,1.0
G_018_012,12,18,103.80889732164678,1.2758397976017177,25282.107,28701.416,3.416,3.109,0.851064,3.946,3.924,0.815789,1.178,1.4,1.0
G_018_013,13,18,103.80889734295934,1.2735788853516052,25282.107,28451.416,2.39,1.4,0.638298,2.677,1.4,0.552632,1.178,1.4,1.0
G_018_014,14,18,103.80892729811214,1.2717497130187596,25285.439,28249.156,2.427,1.4,0.638298,2.723,1.4,0.552632,1.178,1.4,1.0
G_019_009,9,19,103.81112053724692,1.2824783873215149,25529.54,29435.475,0.103,0.0,0.06383,0.128,0.0,0.078947,0.0,0.0,0.0
G_019_010,10,19,103.81114362403022,1.2803616425378521,25532.107,29201.416,0.768,0.0,0.255319,0.949,0.0,0.315789,0.0,0.0,0.0
G_019_011,11,19,103.81114364345228,1.2781007303312713,25532.107,28951.416,2.06,1.4,0.595745,2.269,0.116,0.5,1.178,1.4,1.0
G_019_012,12,19,103.81114366284,1.275839818084735,25532.107,28701.416,2.839,1.49,0.829787,3.233,1.861,0.789474,1.178,1.4,1.0
G_019_013,13,19,103.81114368219335,1.2735789057983125,25532.107,28451.416,2.779,1.4,0.723404,3.158,2.988,0.657895,1.178,1.4,1.0
G_019_014,14,19,103.8112178641722,1.271572415656575,25540.361,28229.549,2.325,1.4,0.595745,2.597,0.2,0.5,1.178,1.4,1.0
G_020_009,9,20,103.81327357842827,1.2821827652260773,25769.156,29402.784,0.0,0.0,0.0,0.0,0.0,0.0,0.0,0.0,0.0
G_020_010,10,20,103.81338996918663,1.2803616611128215,25782.107,29201.416,0.142,0.0,0.06383,0.176,0.0,0.078947,0.0,0.0,0.0
G_020_011,11,20,103.81338998664253,1.27810074887343,25782.107,28951.416,2.055,1.094,0.574468,2.319,0.0,0.473684,0.94,1.094,1.0
G_020_012,12,20,103.81339000406756,1.2758398365940824,25782.107,28701.416,1.518,0.004,0.574468,1.868,0.0,0.473684,0.04,0.004,1.0
G_020_013,13,20,103.81339002146171,1.2735789242748496,25782.107,28451.416,2.044,0.4,0.553191,2.249,0.0,0.447368,1.178,1.4,1.0
G_020_014,14,20,103.8133902675965,1.2713182438100301,25782.133,28201.442,1.746,0.4,0.531915,1.881,0.0,0.421053,1.178,1.4,1.0
G_020_015,15,20,103.81378409816205,1.269746184025198,25825.962,28027.611,1.62,0.137,0.510638,1.724,0.0,0.394737,1.178,1.4,1.0
G_021_009,9,21,103.81501804506145,1.2818122072624027,25963.3,29361.809,0.0,0.0,0.0,0.0,0.0,0.0,0.0,0.0,0.0
G_021_010,10,21,103.81560481939812,1.2803267700311936,26028.602,29197.556,0.164,0.0,0.06383,0.203,0.0,0.078947,0.0,0.0,0.0
G_021_011,11,21,103.81563632986368,1.2781007654384207,26032.107,28951.416,0.578,0.0,0.12766,0.715,0.0,0.157895,0.0,0.0,0.0
G_021_012,12,21,103.815636345326,1.275839853129761,26032.107,28701.416,0.78,0.0,0.212766,0.964,0.0,0.263158,0.0,0.0,0.0
G_021_013,13,21,103.81563636076095,1.2735789407812161,26032.107,28451.416,1.92,0.659,0.595745,2.233,0.369,0.5,0.601,0.659,1.0
G_021_014,14,21,103.81563637616848,1.2713180283928571,26032.107,28201.416,1.586,0.0,0.468085,1.683,0.0,0.342105,1.178,1.4,1.0
G_021_015,15,21,103.81573788607258,1.2691987151231945,26043.403,27967.073,0.659,0.0,0.170213,0.815,0.0,0.210526,0.0,0.0,0.0
G_021_016,16,21,103.81654689265447,1.2678038991272098,26133.438,27812.841,0.46,0.0,0.148936,0.568,0.0,0.184211,0.0,0.0,0.0
G_022_010,10,22,103.81762784113972,1.2798438731115371,26253.748,29144.158,0.368,0.0,0.12766,0.455,0.0,0.157895,0.0,0.0,0.0
G_022_011,11,22,103.8178826731122,1.2781007800262432,26282.107,28951.416,0.438,0.0,0.12766,0.542,0.0,0.157895,0.0,0.0,0.0
G_022_012,12,22,103.81788268661185,1.2758398676917697,26282.107,28701.416,0.219,0.0,0.06383,0.27,0.0,0.078947,0.0,0.0,0.0
G_022_013,13,22,103.81788270008758,1.273578955317412,26282.107,28451.416,2.051,0.4,0.553191,2.258,0.0,0.447368,1.178,1.4,1.0
G_022_014,14,22,103.81788271353938,1.2713180429032391,26282.107,28201.416,1.016,0.0,0.489362,1.256,0.878,0.605263,0.0,0.0,0.0
G_022_015,15,22,103.81788272696726,1.2690571304493234,26282.107,27951.416,0.472,0.0,0.170213,0.584,0.0,0.210526,0.0,0.0,0.0
G_022_016,16,22,103.81812149680353,1.2673494383990098,26308.68,27762.588,0.466,0.0,0.170213,0.577,0.0,0.210526,0.0,0.0,0.0
G_023_010,10,23,103.81937315092767,1.2793516106560903,26447.986,29089.725,0.266,0.0,0.06383,0.329,0.0,0.078947,0.0,0.0,0.0
G_023_011,11,23,103.82009963944114,1.2780596339542496,26528.838,28946.865,0.199,0.0,0.06383,0.247,0.0,0.078947,0.0,0.0,0.0
G_023_012,12,23,103.82012902792161,1.2758398802801092,26532.107,28701.416,0.142,0.0,0.06383,0.175,0.0,0.078947,0.0,0.0,0.0
G_023_013,13,23,103.82012903943813,1.2735789678834366,26532.107,28451.416,0.27,0.0,0.148936,0.334,0.0,0.184211,0.0,0.0,0.0
G_023_014,14,23,103.8201290509342,1.2713180554469492,26532.107,28201.416,0.862,0.0,0.319149,1.066,0.0,0.394737,0.0,0.0,0.0
G_023_015,15,23,103.82012906240983,1.2690571429707185,26532.107,27951.416,0.727,0.0,0.361702,0.9,0.0,0.447368,0.0,0.0,0.0
G_023_016,16,23,103.82017689253999,1.2668613868070138,26537.429,27708.621,0.534,0.0,0.191489,0.66,0.0,0.236842,0.0,0.0,0.0
G_024_011,11,24,103.82231179879697,1.27780664261794,26775.033,28918.889,0.0,0.0,0.0,0.0,0.0,0.0,0.0,0.0,0.0
G_024_012,12,24,103.82237536925182,1.275839890894779,26782.107,28701.416,0.169,0.0,0.085106,0.209,0.0,0.105263,0.0,0.0,0.0
G_024_013,13,24,103.82237537880913,1.2735789784792901,26782.107,28451.416,0.271,0.0,0.106383,0.335,0.0,0.131579,0.0,0.0,0.0
G_024_014,14,24,103.82237538834946,1.2713180660239867,26782.107,28201.416,0.673,0.0,0.319149,0.832,0.0,0.394737,0.0,0.0,0.0
G_024_015,15,24,103.82237539787285,1.2690571535289397,26782.107,27951.416,1.202,0.301,0.510638,1.487,1.123,0.631579,0.0,0.0,0.0
G_024_016,16,24,103.82237293956014,1.2668158944724945,26781.833,27703.589,0.514,0.0,0.191489,0.635,0.0,0.236842,0.0,0.0,0.0
G_025_011,11,25,103.82452546430359,1.2775294810220543,27021.397,28888.241,0.05,0.0,0.06383,0.062,0.0,0.078947,0.0,0.0,0.0
G_025_012,12,25,103.824621710599,1.2758398995357791,27032.107,28701.416,1.099,0.0,0.340426,1.359,0.0,0.421053,0.0,0.0,0.0
G_025_013,13,25,103.8246217181971,1.2735789871049725,27032.107,28451.416,1.649,0.0,0.404255,2.04,0.043,0.5,0.0,0.0,0.0
G_025_014,14,25,103.8246217257817,1.2713180746343515,27032.107,28201.416,1.99,0.0,0.425532,2.461,0.378,0.526316,0.0,0.0,0.0
G_025_015,15,25,103.82462173335281,1.269057162123987,27032.107,27951.416,0.762,0.0,0.319149,0.942,0.0,0.394737,0.0,0.0,0.0
G_025_016,16,25,103.82456701882248,1.2668819173966512,27026.017,27710.889,0.5,0.0,0.191489,0.618,0.0,0.236842,0.0,0.0,0.0
G_026_011,11,26,103.82611464200791,1.277265715749507,27198.259,28859.075,1.123,0.0,0.361702,1.39,0.0,0.447368,0.0,0.0,0.0
G_026_012,12,26,103.82677712400522,1.2757403525481181,27271.988,28690.408,3.841,2.635,0.723404,4.744,4.686,0.842105,0.028,0.0,0.222222
G_026_013,13,26,103.82686805759853,1.2735789937604838,27282.107,28451.416,2.839,1.626,0.638298,3.118,2.312,0.552632,1.662,1.626,1.0
G_026_014,14,26,103.82686806322742,1.2713180812780442,27282.107,28201.416,3.386,2.482,0.638298,3.591,3.168,0.552632,2.518,2.482,1.0
G_026_015,15,26,103.82683356452911,1.269092660233448,27278.267,27955.34,2.381,0.36,0.531915,2.377,0.0,0.421053,2.396,2.36,1.0
G_026_016,16,26,103.82628109349058,1.2674378578360803,27216.781,27772.361,0.473,0.0,0.148936,0.586,0.0,0.184211,0.0,0.0,0.0
G_027_012,12,27,103.82850742754545,1.2751413703234036,27464.557,28624.175,2.181,0.569,0.617021,2.554,1.256,0.526316,0.605,0.569,1.0
G_027_013,13,27,103.82907719054414,1.2735399009325794,27527.967,28447.093,3.143,2.102,0.638298,3.381,2.788,0.552632,2.138,2.102,1.0
G_027_014,14,27,103.82909968500998,1.2713330871965542,27530.47,28203.075,4.027,3.258,0.595745,3.727,0.57,0.5,5.294,5.258,1.0
G_027_015,15,27,103.82860525617889,1.2696278142031858,27475.443,28014.515,4.015,3.324,0.617021,3.737,0.934,0.526316,5.19,5.154,1.0
G_028_013,13,28,103.8309056967419,1.2730075808337473,27731.465,28388.231,7.686,7.597,0.957447,7.699,8.284,0.947368,7.633,7.597,1.0
G_028_014,14,28,103.83092866342025,1.2718174191080704,27734.021,28256.629,5.39,5.443,0.659574,4.936,3.053,0.578947,7.309,7.273,1.0
